{"high_void_rate": 1775241560.7975152, "open_positions_stale": 1775241560.7975152}