{"high_void_rate": 1775165663.7035718, "open_positions_stale": 1775165663.7035718}