{"high_void_rate": 1775090049.854099, "open_positions_stale": 1775090049.854099}