{"rolling_wr_drop_value_bet": 1775073144.4938896, "no_new_trades_24h": 1775073144.4921086, "open_positions_stale": 1775074670.9712145, "high_void_rate": 1775074070.9674788}