{"high_void_rate": 1775079779.4448826, "open_positions_stale": 1775079779.4448826}