{"rolling_wr_drop_value_bet": 1775071100.6967454, "no_new_trades_24h": 1775071100.6949482, "open_positions_stale": 1775070800.69417}